{
  "clientId": "default",
  "planStateCode": "TX",
  "defaults": {
    "annualReturn": 0.05,
    "timeHorizonYears": 40
  },
  "constraints": {
    "annualReturnWarningMax": 0.08,
    "annualReturnHardMax": 0.20,
    "timeHorizonYearsHardMin": 3,
    "timeHorizonYearsHardMax": 70
  },
  "brand": {
    "primary": "#1F6FEB",
    "primaryHover": "#1A5ECD",
    "onPrimary": "#FFFFFF",
    "ring": "rgba(31, 111, 235, 0.3)"
  },
  "typography": {
    "fontFamily": "Chalkboard SE, Chalkboard, Comic Sans MS, cursive",
    "baseFontSizePx": 17,
    "lineHeight": 1.45
  }
}
