{
  "clientId": "il",
  "defaults": {
    "annualReturn": 0.06,
    "timeHorizonYears": 40
  },
  "constraints": {
    "annualReturnWarningMax": 0.12,
    "annualReturnHardMax": 0.25,
    "timeHorizonYearsHardMin": 1,
    "timeHorizonYearsHardMax": 60
  },
  "brand": {
    "primary": "#E8590C",
    "primaryHover": "#C14708",
    "onPrimary": "#FFFFFF",
    "ring": "rgba(232, 89, 12, 0.35)"
  },
  "typography": {
    "fontFamily": "-apple-system, BlinkMacSystemFont, \"SF Pro Text\", \"SF Pro Display\", system-ui, sans-serif",
    "baseFontSizePx": 16,
    "lineHeight": 1.45
  }
,
  "clientBlocks": {
    "landingWelcome": {
      "en": "ILLINOIS TEST — Welcome to the ABLE Planner for Illinois residents.",
      "es": "PRUEBA ILLINOIS — Bienvenido al Planificador ABLE para residentes de Illinois."
    },
    "disclosuresAssumptions": {
      "en": "ILLINOIS TEST — These assumptions and disclosures apply specifically to Illinois.",
      "es": "PRUEBA ILLINOIS — Estas suposiciones y divulgaciones aplican específicamente a Illinois."
    },
    "rightCardPrimary": {
      "en": "ILLINOIS TEST — Primary informational message for Illinois users.",
      "es": "PRUEBA ILLINOIS — Mensaje informativo principal para usuarios de Illinois."
    },
    "rightCardSecondary": {
      "en": "ILLINOIS TEST — Secondary informational message for Illinois users.",
      "es": "PRUEBA ILLINOIS — Mensaje informativo secundario para usuarios de Illinois."
    }
  }
}
