{
  "clientId": "tx",
  "planStateCode": "TX",
  "defaults": {
    "annualReturn": 0.05,
    "timeHorizonYears": 40
  },
  "constraints": {
    "annualReturnWarningMax": 0.08,
    "annualReturnHardMax": 0.20,
    "timeHorizonYearsHardMin": 1,
    "timeHorizonYearsHardMax": 75
  },
  "brand": {
    "primary": "#0C8C4E",
    "primaryHover": "#0A723F",
    "onPrimary": "#FFFFFF",
    "ring": "rgba(12, 140, 78, 0.35)"
  },
  "typography": {
    "fontFamily": "ui-sans-serif, system-ui, -apple-system, Segoe UI, Roboto, Helvetica, Arial, \"Apple Color Emoji\", \"Segoe UI Emoji\"",
    "baseFontSizePx": 16,
    "lineHeight": 1.45
  }
}
