{
  "clientId": "ut",
  "planStateCode": "UT",
  "defaults": {
    "annualReturn": 0.045,
    "timeHorizonYears": 40
  },
  "constraints": {
    "annualReturnWarningMax": 0.08,
    "annualReturnHardMax": 0.20,
    "timeHorizonYearsHardMin": 1,
    "timeHorizonYearsHardMax": 75
  },
  "brand": {
    "primary": "#009AA7",
    "primaryHover": "#007F8C",
    "onPrimary": "#FFFFFF",
    "ring": "rgba(0, 154, 167, 0.35)"
  },
  "typography": {
    "fontFamily": "Inter, ui-sans-serif, system-ui, -apple-system, Segoe UI, Roboto, Helvetica, Arial, \"Apple Color Emoji\", \"Segoe UI Emoji\"",
    "baseFontSizePx": 17,
    "lineHeight": 1.45
  }
}
