{
  "single": [
    {
      "filingStatus": "single",
      "rate": 0.1,
      "min": 0,
      "max": 11925
    },
    {
      "filingStatus": "single",
      "rate": 0.12,
      "min": 11926,
      "max": 48475
    },
    {
      "filingStatus": "single",
      "rate": 0.22,
      "min": 48476,
      "max": 103350
    },
    {
      "filingStatus": "single",
      "rate": 0.24,
      "min": 103351,
      "max": 197300
    },
    {
      "filingStatus": "single",
      "rate": 0.32,
      "min": 197301,
      "max": 250525
    },
    {
      "filingStatus": "single",
      "rate": 0.35,
      "min": 250526,
      "max": 626350
    },
    {
      "filingStatus": "single",
      "rate": 0.37,
      "min": 626351
    }
  ],
  "married_joint": [
    {
      "filingStatus": "married_joint",
      "rate": 0.1,
      "min": 0,
      "max": 23850
    },
    {
      "filingStatus": "married_joint",
      "rate": 0.12,
      "min": 23851,
      "max": 96950
    },
    {
      "filingStatus": "married_joint",
      "rate": 0.22,
      "min": 96951,
      "max": 206700
    },
    {
      "filingStatus": "married_joint",
      "rate": 0.24,
      "min": 206701,
      "max": 394600
    },
    {
      "filingStatus": "married_joint",
      "rate": 0.32,
      "min": 394601,
      "max": 501050
    },
    {
      "filingStatus": "married_joint",
      "rate": 0.35,
      "min": 501051,
      "max": 751600
    },
    {
      "filingStatus": "married_joint",
      "rate": 0.37,
      "min": 751601
    }
  ],
  "married_separate": [
    {
      "filingStatus": "married_separate",
      "rate": 0.1,
      "min": 0,
      "max": 11925
    },
    {
      "filingStatus": "married_separate",
      "rate": 0.12,
      "min": 11926,
      "max": 48475
    },
    {
      "filingStatus": "married_separate",
      "rate": 0.22,
      "min": 48476,
      "max": 103350
    },
    {
      "filingStatus": "married_separate",
      "rate": 0.24,
      "min": 103351,
      "max": 197300
    },
    {
      "filingStatus": "married_separate",
      "rate": 0.32,
      "min": 197301,
      "max": 250525
    },
    {
      "filingStatus": "married_separate",
      "rate": 0.35,
      "min": 250526,
      "max": 375800
    },
    {
      "filingStatus": "married_separate",
      "rate": 0.37,
      "min": 375801
    }
  ],
  "head_of_household": [
    {
      "filingStatus": "head_of_household",
      "rate": 0.1,
      "min": 0,
      "max": 17000
    },
    {
      "filingStatus": "head_of_household",
      "rate": 0.12,
      "min": 17001,
      "max": 64850
    },
    {
      "filingStatus": "head_of_household",
      "rate": 0.22,
      "min": 64851,
      "max": 103350
    },
    {
      "filingStatus": "head_of_household",
      "rate": 0.24,
      "min": 103351,
      "max": 197300
    },
    {
      "filingStatus": "head_of_household",
      "rate": 0.32,
      "min": 197301,
      "max": 250500
    },
    {
      "filingStatus": "head_of_household",
      "rate": 0.35,
      "min": 250501,
      "max": 626350
    },
    {
      "filingStatus": "head_of_household",
      "rate": 0.37,
      "min": 626351
    }
  ]
}
