{
  "AL": {
    "single": [
      {
        "min": 0,
        "rate": 0.02,
        "max": 500
      },
      {
        "min": 501,
        "rate": 0.04,
        "max": 3000
      },
      {
        "min": 3001,
        "rate": 0.05
      }
    ],
    "married_joint": [
      {
        "min": 0,
        "rate": 0.02,
        "max": 1000
      },
      {
        "min": 1001,
        "rate": 0.04,
        "max": 6000
      },
      {
        "min": 6001,
        "rate": 0.05
      }
    ],
    "married_separate": [
      {
        "min": 0,
        "rate": 0.02,
        "max": 500
      },
      {
        "min": 501,
        "rate": 0.04,
        "max": 3000
      },
      {
        "min": 3001,
        "rate": 0.05
      }
    ],
    "head_of_household": [
      {
        "min": 0,
        "rate": 0.02,
        "max": 500
      },
      {
        "min": 501,
        "rate": 0.04,
        "max": 3000
      },
      {
        "min": 3001,
        "rate": 0.05
      }
    ]
  },
  "AK": {
    "single": [
      {
        "min": 0,
        "rate": 0
      }
    ],
    "married_joint": [
      {
        "min": 0,
        "rate": 0
      }
    ],
    "married_separate": [
      {
        "min": 0,
        "rate": 0
      }
    ],
    "head_of_household": [
      {
        "min": 0,
        "rate": 0
      }
    ]
  },
  "AR": {
    "single": [
      {
        "min": 0,
        "rate": 0.02,
        "max": 4400
      },
      {
        "min": 4401,
        "rate": 0.04,
        "max": 8800
      },
      {
        "min": 8801,
        "rate": 0.044000000000000004
      }
    ],
    "married_joint": [
      {
        "min": 0,
        "rate": 0.02,
        "max": 4400
      },
      {
        "min": 4401,
        "rate": 0.04,
        "max": 8800
      },
      {
        "min": 8801,
        "rate": 0.044000000000000004
      }
    ],
    "married_separate": [
      {
        "min": 0,
        "rate": 0.02,
        "max": 4400
      },
      {
        "min": 4401,
        "rate": 0.04,
        "max": 8800
      },
      {
        "min": 8801,
        "rate": 0.044000000000000004
      }
    ],
    "head_of_household": [
      {
        "min": 0,
        "rate": 0.02,
        "max": 4400
      },
      {
        "min": 4401,
        "rate": 0.04,
        "max": 8800
      },
      {
        "min": 8801,
        "rate": 0.044000000000000004
      }
    ]
  },
  "AZ": {
    "single": [
      {
        "min": 0,
        "rate": 0.025
      }
    ],
    "married_joint": [
      {
        "min": 0,
        "rate": 0.025
      }
    ],
    "married_separate": [
      {
        "min": 0,
        "rate": 0.025
      }
    ],
    "head_of_household": [
      {
        "min": 0,
        "rate": 0.025
      }
    ]
  },
  "CA": {
    "single": [
      {
        "min": 0,
        "rate": 0.01,
        "max": 10756
      },
      {
        "min": 10757,
        "rate": 0.02,
        "max": 25499
      },
      {
        "min": 25500,
        "rate": 0.04,
        "max": 40245
      },
      {
        "min": 40246,
        "rate": 0.06,
        "max": 55866
      },
      {
        "min": 55867,
        "rate": 0.08,
        "max": 70606
      },
      {
        "min": 70607,
        "rate": 0.09300000000000001,
        "max": 360659
      },
      {
        "min": 360660,
        "rate": 0.10300000000000001,
        "max": 432787
      },
      {
        "min": 432788,
        "rate": 0.113,
        "max": 721314
      },
      {
        "min": 721315,
        "rate": 0.12300000000000001
      }
    ],
    "married_joint": [
      {
        "min": 0,
        "rate": 0.01,
        "max": 21512
      },
      {
        "min": 21513,
        "rate": 0.02,
        "max": 50998
      },
      {
        "min": 50999,
        "rate": 0.04,
        "max": 80490
      },
      {
        "min": 80491,
        "rate": 0.06,
        "max": 111732
      },
      {
        "min": 111733,
        "rate": 0.08,
        "max": 141212
      },
      {
        "min": 141213,
        "rate": 0.09300000000000001,
        "max": 721318
      },
      {
        "min": 721319,
        "rate": 0.10300000000000001,
        "max": 865574
      },
      {
        "min": 865575,
        "rate": 0.113,
        "max": 1442628
      },
      {
        "min": 1442629,
        "rate": 0.12300000000000001
      }
    ],
    "married_separate": [
      {
        "min": 0,
        "rate": 0.01,
        "max": 10756
      },
      {
        "min": 10757,
        "rate": 0.02,
        "max": 25499
      },
      {
        "min": 25500,
        "rate": 0.04,
        "max": 40245
      },
      {
        "min": 40246,
        "rate": 0.06,
        "max": 55866
      },
      {
        "min": 55867,
        "rate": 0.08,
        "max": 70606
      },
      {
        "min": 70607,
        "rate": 0.09300000000000001,
        "max": 360659
      },
      {
        "min": 360660,
        "rate": 0.10300000000000001,
        "max": 432787
      },
      {
        "min": 432788,
        "rate": 0.113,
        "max": 721314
      },
      {
        "min": 721315,
        "rate": 0.12300000000000001
      }
    ],
    "head_of_household": [
      {
        "min": 0,
        "rate": 0.01,
        "max": 21527
      },
      {
        "min": 21528,
        "rate": 0.02,
        "max": 51000
      },
      {
        "min": 51001,
        "rate": 0.04,
        "max": 65744
      },
      {
        "min": 65745,
        "rate": 0.06,
        "max": 81364
      },
      {
        "min": 81365,
        "rate": 0.08,
        "max": 96107
      },
      {
        "min": 96108,
        "rate": 0.09300000000000001,
        "max": 490493
      },
      {
        "min": 490494,
        "rate": 0.10300000000000001,
        "max": 588593
      },
      {
        "min": 588594,
        "rate": 0.113,
        "max": 980987
      },
      {
        "min": 980988,
        "rate": 0.12300000000000001
      }
    ]
  },
  "CO": {
    "single": [
      {
        "min": 0,
        "rate": 0.044000000000000004
      }
    ],
    "married_joint": [
      {
        "min": 0,
        "rate": 0.044000000000000004
      }
    ],
    "married_separate": [
      {
        "min": 0,
        "rate": 0.044000000000000004
      }
    ],
    "head_of_household": [
      {
        "min": 0,
        "rate": 0.044000000000000004
      }
    ]
  },
  "CT": {
    "single": [
      {
        "min": 0,
        "rate": 0.02,
        "max": 10000
      },
      {
        "min": 10001,
        "rate": 0.045,
        "max": 50000
      },
      {
        "min": 50001,
        "rate": 0.055,
        "max": 100000
      },
      {
        "min": 100001,
        "rate": 0.06,
        "max": 200000
      },
      {
        "min": 200001,
        "rate": 0.065,
        "max": 250000
      },
      {
        "min": 250001,
        "rate": 0.069,
        "max": 500000
      },
      {
        "min": 500001,
        "rate": 0.0699
      }
    ],
    "married_joint": [
      {
        "min": 0,
        "rate": 0.02,
        "max": 20000
      },
      {
        "min": 20001,
        "rate": 0.045,
        "max": 100000
      },
      {
        "min": 100001,
        "rate": 0.055,
        "max": 200000
      },
      {
        "min": 200001,
        "rate": 0.06,
        "max": 400000
      },
      {
        "min": 400001,
        "rate": 0.065,
        "max": 500000
      },
      {
        "min": 500001,
        "rate": 0.069,
        "max": 1000000
      },
      {
        "min": 1000001,
        "rate": 0.0699
      }
    ],
    "married_separate": [
      {
        "min": 0,
        "rate": 0.02,
        "max": 10000
      },
      {
        "min": 10001,
        "rate": 0.045,
        "max": 50000
      },
      {
        "min": 50001,
        "rate": 0.055,
        "max": 100000
      },
      {
        "min": 100001,
        "rate": 0.06,
        "max": 200000
      },
      {
        "min": 200001,
        "rate": 0.065,
        "max": 250000
      },
      {
        "min": 250001,
        "rate": 0.069,
        "max": 500000
      },
      {
        "min": 500001,
        "rate": 0.0699
      }
    ],
    "head_of_household": [
      {
        "min": 0,
        "rate": 0.02,
        "max": 16000
      },
      {
        "min": 16001,
        "rate": 0.045,
        "max": 80000
      },
      {
        "min": 80001,
        "rate": 0.055,
        "max": 160000
      },
      {
        "min": 160001,
        "rate": 0.06,
        "max": 320000
      },
      {
        "min": 320001,
        "rate": 0.065,
        "max": 400000
      },
      {
        "min": 400001,
        "rate": 0.069,
        "max": 800000
      },
      {
        "min": 800001,
        "rate": 0.0699
      }
    ]
  },
  "DE": {
    "single": [
      {
        "min": 0,
        "rate": 0,
        "max": 2000
      },
      {
        "min": 2001,
        "rate": 0.022000000000000002,
        "max": 5000
      },
      {
        "min": 5001,
        "rate": 0.039,
        "max": 10000
      },
      {
        "min": 10001,
        "rate": 0.048,
        "max": 20000
      },
      {
        "min": 20001,
        "rate": 0.052000000000000005,
        "max": 25000
      },
      {
        "min": 25001,
        "rate": 0.0555,
        "max": 60000
      },
      {
        "min": 60001,
        "rate": 0.0666
      }
    ],
    "married_joint": [
      {
        "min": 0,
        "rate": 0,
        "max": 2000
      },
      {
        "min": 2001,
        "rate": 0.022000000000000002,
        "max": 5000
      },
      {
        "min": 5001,
        "rate": 0.039,
        "max": 10000
      },
      {
        "min": 10001,
        "rate": 0.048,
        "max": 20000
      },
      {
        "min": 20001,
        "rate": 0.052000000000000005,
        "max": 25000
      },
      {
        "min": 25001,
        "rate": 0.0555,
        "max": 60000
      },
      {
        "min": 60001,
        "rate": 0.0666
      }
    ],
    "married_separate": [
      {
        "min": 0,
        "rate": 0,
        "max": 2000
      },
      {
        "min": 2001,
        "rate": 0.022000000000000002,
        "max": 5000
      },
      {
        "min": 5001,
        "rate": 0.039,
        "max": 10000
      },
      {
        "min": 10001,
        "rate": 0.048,
        "max": 20000
      },
      {
        "min": 20001,
        "rate": 0.052000000000000005,
        "max": 25000
      },
      {
        "min": 25001,
        "rate": 0.0555,
        "max": 60000
      },
      {
        "min": 60001,
        "rate": 0.0666
      }
    ],
    "head_of_household": [
      {
        "min": 0,
        "rate": 0,
        "max": 2000
      },
      {
        "min": 2001,
        "rate": 0.022000000000000002,
        "max": 5000
      },
      {
        "min": 5001,
        "rate": 0.039,
        "max": 10000
      },
      {
        "min": 10001,
        "rate": 0.048,
        "max": 20000
      },
      {
        "min": 20001,
        "rate": 0.052000000000000005,
        "max": 25000
      },
      {
        "min": 25001,
        "rate": 0.0555,
        "max": 60000
      },
      {
        "min": 60001,
        "rate": 0.0666
      }
    ]
  },
  "DC": {
    "single": [
      {
        "min": 0,
        "rate": 0.04,
        "max": 10000
      },
      {
        "min": 10001,
        "rate": 0.06,
        "max": 40000
      },
      {
        "min": 40001,
        "rate": 0.065,
        "max": 60000
      },
      {
        "min": 60001,
        "rate": 0.085,
        "max": 250000
      },
      {
        "min": 250001,
        "rate": 0.0925,
        "max": 500000
      },
      {
        "min": 500001,
        "rate": 0.0975,
        "max": 1000000
      },
      {
        "min": 1000001,
        "rate": 0.1075
      }
    ],
    "married_joint": [
      {
        "min": 0,
        "rate": 0.04,
        "max": 10000
      },
      {
        "min": 10001,
        "rate": 0.06,
        "max": 40000
      },
      {
        "min": 40001,
        "rate": 0.065,
        "max": 60000
      },
      {
        "min": 60001,
        "rate": 0.085,
        "max": 250000
      },
      {
        "min": 250001,
        "rate": 0.0925,
        "max": 500000
      },
      {
        "min": 500001,
        "rate": 0.0975,
        "max": 1000000
      },
      {
        "min": 1000001,
        "rate": 0.1075
      }
    ],
    "married_separate": [
      {
        "min": 0,
        "rate": 0.04,
        "max": 10000
      },
      {
        "min": 10001,
        "rate": 0.06,
        "max": 40000
      },
      {
        "min": 40001,
        "rate": 0.065,
        "max": 60000
      },
      {
        "min": 60001,
        "rate": 0.085,
        "max": 250000
      },
      {
        "min": 250001,
        "rate": 0.0925,
        "max": 500000
      },
      {
        "min": 500001,
        "rate": 0.0975,
        "max": 1000000
      },
      {
        "min": 1000001,
        "rate": 0.1075
      }
    ],
    "head_of_household": [
      {
        "min": 0,
        "rate": 0.04,
        "max": 10000
      },
      {
        "min": 10001,
        "rate": 0.06,
        "max": 40000
      },
      {
        "min": 40001,
        "rate": 0.065,
        "max": 60000
      },
      {
        "min": 60001,
        "rate": 0.085,
        "max": 250000
      },
      {
        "min": 250001,
        "rate": 0.0925,
        "max": 500000
      },
      {
        "min": 500001,
        "rate": 0.0975,
        "max": 1000000
      },
      {
        "min": 1000001,
        "rate": 0.1075
      }
    ]
  },
  "FL": {
    "single": [
      {
        "min": 0,
        "rate": 0
      }
    ],
    "married_joint": [
      {
        "min": 0,
        "rate": 0
      }
    ],
    "married_separate": [
      {
        "min": 0,
        "rate": 0
      }
    ],
    "head_of_household": [
      {
        "min": 0,
        "rate": 0
      }
    ]
  },
  "GA": {
    "single": [
      {
        "min": 0,
        "rate": 0.053899999999999997
      }
    ],
    "married_joint": [
      {
        "min": 0,
        "rate": 0.053899999999999997
      }
    ],
    "married_separate": [
      {
        "min": 0,
        "rate": 0.053899999999999997
      }
    ],
    "head_of_household": [
      {
        "min": 0,
        "rate": 0.053899999999999997
      }
    ]
  },
  "HI": {
    "single": [
      {
        "min": 0,
        "rate": 0.013999999999999999,
        "max": 2400
      },
      {
        "min": 2401,
        "rate": 0.032,
        "max": 4800
      },
      {
        "min": 4801,
        "rate": 0.055,
        "max": 9600
      },
      {
        "min": 9601,
        "rate": 0.064,
        "max": 14400
      },
      {
        "min": 14401,
        "rate": 0.068,
        "max": 19200
      },
      {
        "min": 19201,
        "rate": 0.07200000000000001,
        "max": 24000
      },
      {
        "min": 24001,
        "rate": 0.076,
        "max": 36000
      },
      {
        "min": 36001,
        "rate": 0.079,
        "max": 48000
      },
      {
        "min": 48001,
        "rate": 0.0825,
        "max": 150000
      },
      {
        "min": 150001,
        "rate": 0.09,
        "max": 175000
      },
      {
        "min": 175001,
        "rate": 0.1,
        "max": 200000
      },
      {
        "min": 200001,
        "rate": 0.11
      }
    ],
    "married_joint": [
      {
        "min": 0,
        "rate": 0.013999999999999999,
        "max": 4800
      },
      {
        "min": 4801,
        "rate": 0.032,
        "max": 9600
      },
      {
        "min": 9601,
        "rate": 0.055,
        "max": 19200
      },
      {
        "min": 19201,
        "rate": 0.064,
        "max": 28800
      },
      {
        "min": 28801,
        "rate": 0.068,
        "max": 38400
      },
      {
        "min": 38401,
        "rate": 0.07200000000000001,
        "max": 48000
      },
      {
        "min": 48001,
        "rate": 0.076,
        "max": 72000
      },
      {
        "min": 72001,
        "rate": 0.079,
        "max": 96000
      },
      {
        "min": 96001,
        "rate": 0.0825,
        "max": 300000
      },
      {
        "min": 300001,
        "rate": 0.09,
        "max": 350000
      },
      {
        "min": 350001,
        "rate": 0.1,
        "max": 400000
      },
      {
        "min": 400001,
        "rate": 0.11
      }
    ],
    "married_separate": [
      {
        "min": 0,
        "rate": 0.013999999999999999,
        "max": 2400
      },
      {
        "min": 2401,
        "rate": 0.032,
        "max": 4800
      },
      {
        "min": 4801,
        "rate": 0.055,
        "max": 9600
      },
      {
        "min": 9601,
        "rate": 0.064,
        "max": 14400
      },
      {
        "min": 14401,
        "rate": 0.068,
        "max": 19200
      },
      {
        "min": 19201,
        "rate": 0.07200000000000001,
        "max": 24000
      },
      {
        "min": 24001,
        "rate": 0.076,
        "max": 36000
      },
      {
        "min": 36001,
        "rate": 0.079,
        "max": 48000
      },
      {
        "min": 48001,
        "rate": 0.0825,
        "max": 150000
      },
      {
        "min": 150001,
        "rate": 0.09,
        "max": 175000
      },
      {
        "min": 175001,
        "rate": 0.1,
        "max": 200000
      },
      {
        "min": 200001,
        "rate": 0.11
      }
    ],
    "head_of_household": [
      {
        "min": 0,
        "rate": 0.013999999999999999,
        "max": 3600
      },
      {
        "min": 3601,
        "rate": 0.032,
        "max": 7200
      },
      {
        "min": 7201,
        "rate": 0.055,
        "max": 14400
      },
      {
        "min": 14401,
        "rate": 0.064,
        "max": 21600
      },
      {
        "min": 21601,
        "rate": 0.068,
        "max": 28800
      },
      {
        "min": 28801,
        "rate": 0.07200000000000001,
        "max": 36000
      },
      {
        "min": 36001,
        "rate": 0.076,
        "max": 54000
      },
      {
        "min": 54001,
        "rate": 0.079,
        "max": 72000
      },
      {
        "min": 72001,
        "rate": 0.0825,
        "max": 225000
      },
      {
        "min": 225001,
        "rate": 0.09,
        "max": 262500
      },
      {
        "min": 262501,
        "rate": 0.1,
        "max": 300000
      },
      {
        "min": 300001,
        "rate": 0.11
      }
    ]
  },
  "ID": {
    "single": [
      {
        "min": 0,
        "rate": 0,
        "max": 14600
      },
      {
        "min": 14601,
        "rate": 0.05695
      }
    ],
    "married_joint": [
      {
        "min": 0,
        "rate": 0,
        "max": 29200
      },
      {
        "min": 29201,
        "rate": 0.05695
      }
    ],
    "married_separate": [
      {
        "min": 0,
        "rate": 0,
        "max": 14600
      },
      {
        "min": 14601,
        "rate": 0.05695
      }
    ],
    "head_of_household": [
      {
        "min": 0,
        "rate": 0,
        "max": 14600
      },
      {
        "min": 14601,
        "rate": 0.05695
      }
    ]
  },
  "IL": {
    "single": [
      {
        "min": 0,
        "rate": 0.0495
      }
    ],
    "married_joint": [
      {
        "min": 0,
        "rate": 0.0495
      }
    ],
    "married_separate": [
      {
        "min": 0,
        "rate": 0.0495
      }
    ],
    "head_of_household": [
      {
        "min": 0,
        "rate": 0.0495
      }
    ]
  },
  "IN": {
    "single": [
      {
        "min": 0,
        "rate": 0.0305
      }
    ],
    "married_joint": [
      {
        "min": 0,
        "rate": 0.0305
      }
    ],
    "married_separate": [
      {
        "min": 0,
        "rate": 0.0305
      }
    ],
    "head_of_household": [
      {
        "min": 0,
        "rate": 0.0305
      }
    ]
  },
  "IA": {
    "single": [
      {
        "min": 0,
        "rate": 0.044000000000000004,
        "max": 6210
      },
      {
        "min": 6211,
        "rate": 0.0482,
        "max": 31050
      },
      {
        "min": 31051,
        "rate": 0.057
      }
    ],
    "married_joint": [
      {
        "min": 0,
        "rate": 0.044000000000000004,
        "max": 12420
      },
      {
        "min": 12421,
        "rate": 0.0482,
        "max": 62100
      },
      {
        "min": 62101,
        "rate": 0.057
      }
    ],
    "married_separate": [
      {
        "min": 0,
        "rate": 0.044000000000000004,
        "max": 6210
      },
      {
        "min": 6211,
        "rate": 0.0482,
        "max": 31050
      },
      {
        "min": 31051,
        "rate": 0.057
      }
    ],
    "head_of_household": [
      {
        "min": 0,
        "rate": 0.044000000000000004,
        "max": 6210
      },
      {
        "min": 6211,
        "rate": 0.0482,
        "max": 31050
      },
      {
        "min": 31051,
        "rate": 0.057
      }
    ]
  },
  "KS": {
    "single": [
      {
        "min": 0,
        "rate": 0.031,
        "max": 15000
      },
      {
        "min": 15001,
        "rate": 0.0525,
        "max": 30000
      },
      {
        "min": 30001,
        "rate": 0.057
      }
    ],
    "married_joint": [
      {
        "min": 0,
        "rate": 0.031,
        "max": 30000
      },
      {
        "min": 30001,
        "rate": 0.0525,
        "max": 60000
      },
      {
        "min": 60001,
        "rate": 0.057
      }
    ],
    "married_separate": [
      {
        "min": 0,
        "rate": 0.031,
        "max": 15000
      },
      {
        "min": 15001,
        "rate": 0.0525,
        "max": 30000
      },
      {
        "min": 30001,
        "rate": 0.057
      }
    ],
    "head_of_household": [
      {
        "min": 0,
        "rate": 0.031,
        "max": 15000
      },
      {
        "min": 15001,
        "rate": 0.0525,
        "max": 30000
      },
      {
        "min": 30001,
        "rate": 0.057
      }
    ]
  },
  "KY": {
    "single": [
      {
        "min": 0,
        "rate": 0.04
      }
    ],
    "married_joint": [
      {
        "min": 0,
        "rate": 0.04
      }
    ],
    "married_separate": [
      {
        "min": 0,
        "rate": 0.04
      }
    ],
    "head_of_household": [
      {
        "min": 0,
        "rate": 0.04
      }
    ]
  },
  "LA": {
    "single": [
      {
        "min": 0,
        "rate": 0.018500000000000003,
        "max": 12500
      },
      {
        "min": 12501,
        "rate": 0.035,
        "max": 50000
      },
      {
        "min": 50001,
        "rate": 0.0425
      }
    ],
    "married_joint": [
      {
        "min": 0,
        "rate": 0.018500000000000003,
        "max": 25000
      },
      {
        "min": 25001,
        "rate": 0.035,
        "max": 100000
      },
      {
        "min": 100001,
        "rate": 0.0425
      }
    ],
    "married_separate": [
      {
        "min": 0,
        "rate": 0.018500000000000003,
        "max": 12500
      },
      {
        "min": 12501,
        "rate": 0.035,
        "max": 50000
      },
      {
        "min": 50001,
        "rate": 0.0425
      }
    ],
    "head_of_household": [
      {
        "min": 0,
        "rate": 0.018500000000000003,
        "max": 12500
      },
      {
        "min": 12501,
        "rate": 0.035,
        "max": 50000
      },
      {
        "min": 50001,
        "rate": 0.0425
      }
    ]
  },
  "ME": {
    "single": [
      {
        "min": 0,
        "rate": 0.057999999999999996,
        "max": 26050
      },
      {
        "min": 26051,
        "rate": 0.0675,
        "max": 61600
      },
      {
        "min": 61601,
        "rate": 0.07150000000000001
      }
    ],
    "married_joint": [
      {
        "min": 0,
        "rate": 0.057999999999999996,
        "max": 52100
      },
      {
        "min": 52101,
        "rate": 0.0675,
        "max": 123250
      },
      {
        "min": 123251,
        "rate": 0.07150000000000001
      }
    ],
    "married_separate": [
      {
        "min": 0,
        "rate": 0.057999999999999996,
        "max": 26050
      },
      {
        "min": 26051,
        "rate": 0.0675,
        "max": 61600
      },
      {
        "min": 61601,
        "rate": 0.07150000000000001
      }
    ],
    "head_of_household": [
      {
        "min": 0,
        "rate": 0.057999999999999996,
        "max": 39050
      },
      {
        "min": 39051,
        "rate": 0.0675,
        "max": 92450
      },
      {
        "min": 92451,
        "rate": 0.07150000000000001
      }
    ]
  },
  "MD": {
    "single": [
      {
        "min": 0,
        "rate": 0.02,
        "max": 1000
      },
      {
        "min": 1001,
        "rate": 0.03,
        "max": 2000
      },
      {
        "min": 2001,
        "rate": 0.04,
        "max": 3000
      },
      {
        "min": 3001,
        "rate": 0.0475,
        "max": 100000
      },
      {
        "min": 100001,
        "rate": 0.05,
        "max": 125000
      },
      {
        "min": 125001,
        "rate": 0.0525,
        "max": 150000
      },
      {
        "min": 150001,
        "rate": 0.055,
        "max": 250000
      },
      {
        "min": 250001,
        "rate": 0.0575
      }
    ],
    "married_joint": [
      {
        "min": 0,
        "rate": 0.02,
        "max": 1000
      },
      {
        "min": 1001,
        "rate": 0.03,
        "max": 2000
      },
      {
        "min": 2001,
        "rate": 0.04,
        "max": 3000
      },
      {
        "min": 3001,
        "rate": 0.0475,
        "max": 150000
      },
      {
        "min": 150001,
        "rate": 0.05,
        "max": 175000
      },
      {
        "min": 175001,
        "rate": 0.0525,
        "max": 225000
      },
      {
        "min": 225001,
        "rate": 0.055,
        "max": 300000
      },
      {
        "min": 300001,
        "rate": 0.0575
      }
    ],
    "married_separate": [
      {
        "min": 0,
        "rate": 0.02,
        "max": 1000
      },
      {
        "min": 1001,
        "rate": 0.03,
        "max": 2000
      },
      {
        "min": 2001,
        "rate": 0.04,
        "max": 3000
      },
      {
        "min": 3001,
        "rate": 0.0475,
        "max": 100000
      },
      {
        "min": 100001,
        "rate": 0.05,
        "max": 125000
      },
      {
        "min": 125001,
        "rate": 0.0525,
        "max": 150000
      },
      {
        "min": 150001,
        "rate": 0.055,
        "max": 250000
      },
      {
        "min": 250001,
        "rate": 0.0575
      }
    ],
    "head_of_household": [
      {
        "min": 0,
        "rate": 0.02,
        "max": 1000
      },
      {
        "min": 1001,
        "rate": 0.03,
        "max": 2000
      },
      {
        "min": 2001,
        "rate": 0.04,
        "max": 3000
      },
      {
        "min": 3001,
        "rate": 0.0475,
        "max": 150000
      },
      {
        "min": 150001,
        "rate": 0.05,
        "max": 175000
      },
      {
        "min": 175001,
        "rate": 0.0525,
        "max": 225000
      },
      {
        "min": 225001,
        "rate": 0.055,
        "max": 300000
      },
      {
        "min": 300001,
        "rate": 0.0575
      }
    ]
  },
  "MA": {
    "single": [
      {
        "min": 0,
        "rate": 0.05,
        "max": 1000000
      },
      {
        "min": 1000001,
        "rate": 0.09
      }
    ],
    "married_joint": [
      {
        "min": 0,
        "rate": 0.05,
        "max": 1000000
      },
      {
        "min": 1000001,
        "rate": 0.09
      }
    ],
    "married_separate": [
      {
        "min": 0,
        "rate": 0.05,
        "max": 1000000
      },
      {
        "min": 1000001,
        "rate": 0.09
      }
    ],
    "head_of_household": [
      {
        "min": 0,
        "rate": 0.05,
        "max": 1000000
      },
      {
        "min": 1000001,
        "rate": 0.09
      }
    ]
  },
  "MI": {
    "single": [
      {
        "min": 0,
        "rate": 0.0425
      }
    ],
    "married_joint": [
      {
        "min": 0,
        "rate": 0.0425
      }
    ],
    "married_separate": [
      {
        "min": 0,
        "rate": 0.0425
      }
    ],
    "head_of_household": [
      {
        "min": 0,
        "rate": 0.0425
      }
    ]
  },
  "MN": {
    "single": [
      {
        "min": 0,
        "rate": 0.0535,
        "max": 31690
      },
      {
        "min": 31691,
        "rate": 0.068,
        "max": 104090
      },
      {
        "min": 104091,
        "rate": 0.0785,
        "max": 193240
      },
      {
        "min": 193241,
        "rate": 0.09849999999999999
      }
    ],
    "married_joint": [
      {
        "min": 0,
        "rate": 0.0535,
        "max": 46330
      },
      {
        "min": 46331,
        "rate": 0.068,
        "max": 184040
      },
      {
        "min": 184041,
        "rate": 0.0785,
        "max": 321450
      },
      {
        "min": 321451,
        "rate": 0.09849999999999999
      }
    ],
    "married_separate": [
      {
        "min": 0,
        "rate": 0.0535,
        "max": 23165
      },
      {
        "min": 23166,
        "rate": 0.068,
        "max": 92020
      },
      {
        "min": 92021,
        "rate": 0.0785,
        "max": 160725
      },
      {
        "min": 160726,
        "rate": 0.09849999999999999
      }
    ],
    "head_of_household": [
      {
        "min": 0,
        "rate": 0.0535,
        "max": 39010
      },
      {
        "min": 39011,
        "rate": 0.068,
        "max": 156760
      },
      {
        "min": 156761,
        "rate": 0.0785,
        "max": 256880
      },
      {
        "min": 256881,
        "rate": 0.09849999999999999
      }
    ]
  },
  "MS": {
    "single": [
      {
        "min": 0,
        "rate": 0,
        "max": 10000
      },
      {
        "min": 10001,
        "rate": 0.047
      }
    ],
    "married_joint": [
      {
        "min": 0,
        "rate": 0,
        "max": 10000
      },
      {
        "min": 10001,
        "rate": 0.047
      }
    ],
    "married_separate": [
      {
        "min": 0,
        "rate": 0,
        "max": 10000
      },
      {
        "min": 10001,
        "rate": 0.047
      }
    ],
    "head_of_household": [
      {
        "min": 0,
        "rate": 0,
        "max": 10000
      },
      {
        "min": 10001,
        "rate": 0.047
      }
    ]
  },
  "MO": {
    "single": [
      {
        "min": 0,
        "rate": 0,
        "max": 1273
      },
      {
        "min": 1274,
        "rate": 0.02,
        "max": 2546
      },
      {
        "min": 2547,
        "rate": 0.025,
        "max": 3819
      },
      {
        "min": 3820,
        "rate": 0.03,
        "max": 5092
      },
      {
        "min": 5093,
        "rate": 0.035,
        "max": 6365
      },
      {
        "min": 6366,
        "rate": 0.04,
        "max": 7638
      },
      {
        "min": 7639,
        "rate": 0.045,
        "max": 8911
      },
      {
        "min": 8912,
        "rate": 0.048
      }
    ],
    "married_joint": [
      {
        "min": 0,
        "rate": 0,
        "max": 1273
      },
      {
        "min": 1274,
        "rate": 0.02,
        "max": 2546
      },
      {
        "min": 2547,
        "rate": 0.025,
        "max": 3819
      },
      {
        "min": 3820,
        "rate": 0.03,
        "max": 5092
      },
      {
        "min": 5093,
        "rate": 0.035,
        "max": 6365
      },
      {
        "min": 6366,
        "rate": 0.04,
        "max": 7638
      },
      {
        "min": 7639,
        "rate": 0.045,
        "max": 8911
      },
      {
        "min": 8912,
        "rate": 0.048
      }
    ],
    "married_separate": [
      {
        "min": 0,
        "rate": 0,
        "max": 1273
      },
      {
        "min": 1274,
        "rate": 0.02,
        "max": 2546
      },
      {
        "min": 2547,
        "rate": 0.025,
        "max": 3819
      },
      {
        "min": 3820,
        "rate": 0.03,
        "max": 5092
      },
      {
        "min": 5093,
        "rate": 0.035,
        "max": 6365
      },
      {
        "min": 6366,
        "rate": 0.04,
        "max": 7638
      },
      {
        "min": 7639,
        "rate": 0.045,
        "max": 8911
      },
      {
        "min": 8912,
        "rate": 0.048
      }
    ],
    "head_of_household": [
      {
        "min": 0,
        "rate": 0,
        "max": 1273
      },
      {
        "min": 1274,
        "rate": 0.02,
        "max": 2546
      },
      {
        "min": 2547,
        "rate": 0.025,
        "max": 3819
      },
      {
        "min": 3820,
        "rate": 0.03,
        "max": 5092
      },
      {
        "min": 5093,
        "rate": 0.035,
        "max": 6365
      },
      {
        "min": 6366,
        "rate": 0.04,
        "max": 7638
      },
      {
        "min": 7639,
        "rate": 0.045,
        "max": 8911
      },
      {
        "min": 8912,
        "rate": 0.048
      }
    ]
  },
  "MT": {
    "single": [
      {
        "min": 0,
        "rate": 0.047,
        "max": 20500
      },
      {
        "min": 20501,
        "rate": 0.059000000000000004
      }
    ],
    "married_joint": [
      {
        "min": 0,
        "rate": 0.047,
        "max": 41000
      },
      {
        "min": 41001,
        "rate": 0.059000000000000004
      }
    ],
    "married_separate": [
      {
        "min": 0,
        "rate": 0.047,
        "max": 20500
      },
      {
        "min": 20501,
        "rate": 0.059000000000000004
      }
    ],
    "head_of_household": [
      {
        "min": 0,
        "rate": 0.047,
        "max": 30750
      },
      {
        "min": 30751,
        "rate": 0.059000000000000004
      }
    ]
  },
  "NE": {
    "single": [
      {
        "min": 0,
        "rate": 0.0246,
        "max": 3900
      },
      {
        "min": 3901,
        "rate": 0.0351,
        "max": 23370
      },
      {
        "min": 23371,
        "rate": 0.0501,
        "max": 37670
      },
      {
        "min": 37671,
        "rate": 0.0584
      }
    ],
    "married_joint": [
      {
        "min": 0,
        "rate": 0.0246,
        "max": 7790
      },
      {
        "min": 7791,
        "rate": 0.0351,
        "max": 46760
      },
      {
        "min": 46761,
        "rate": 0.0501,
        "max": 75340
      },
      {
        "min": 75341,
        "rate": 0.0584
      }
    ],
    "married_separate": [
      {
        "min": 0,
        "rate": 0.0246,
        "max": 3900
      },
      {
        "min": 3901,
        "rate": 0.0351,
        "max": 23370
      },
      {
        "min": 23371,
        "rate": 0.0501,
        "max": 37670
      },
      {
        "min": 37671,
        "rate": 0.0584
      }
    ],
    "head_of_household": [
      {
        "min": 0,
        "rate": 0.0246,
        "max": 7270
      },
      {
        "min": 7271,
        "rate": 0.0351,
        "max": 37400
      },
      {
        "min": 37401,
        "rate": 0.0501,
        "max": 55850
      },
      {
        "min": 55851,
        "rate": 0.0584
      }
    ]
  },
  "NV": {
    "single": [
      {
        "min": 0,
        "rate": 0
      }
    ],
    "married_joint": [
      {
        "min": 0,
        "rate": 0
      }
    ],
    "married_separate": [
      {
        "min": 0,
        "rate": 0
      }
    ],
    "head_of_household": [
      {
        "min": 0,
        "rate": 0
      }
    ]
  },
  "NH": {
    "single": [
      {
        "min": 0,
        "rate": 0
      }
    ],
    "married_joint": [
      {
        "min": 0,
        "rate": 0
      }
    ],
    "married_separate": [
      {
        "min": 0,
        "rate": 0
      }
    ],
    "head_of_household": [
      {
        "min": 0,
        "rate": 0
      }
    ]
  },
  "NJ": {
    "single": [
      {
        "min": 0,
        "rate": 0.013999999999999999,
        "max": 20000
      },
      {
        "min": 20001,
        "rate": 0.0175,
        "max": 35000
      },
      {
        "min": 35001,
        "rate": 0.035,
        "max": 40000
      },
      {
        "min": 40001,
        "rate": 0.05525,
        "max": 75000
      },
      {
        "min": 75001,
        "rate": 0.0637,
        "max": 500000
      },
      {
        "min": 500001,
        "rate": 0.0897,
        "max": 1000000
      },
      {
        "min": 1000001,
        "rate": 0.1075
      }
    ],
    "married_joint": [
      {
        "min": 0,
        "rate": 0.013999999999999999,
        "max": 20000
      },
      {
        "min": 20001,
        "rate": 0.0175,
        "max": 50000
      },
      {
        "min": 50001,
        "rate": 0.0245,
        "max": 70000
      },
      {
        "min": 70001,
        "rate": 0.035,
        "max": 80000
      },
      {
        "min": 80001,
        "rate": 0.05525,
        "max": 150000
      },
      {
        "min": 150001,
        "rate": 0.0637,
        "max": 500000
      },
      {
        "min": 500001,
        "rate": 0.0897,
        "max": 1000000
      },
      {
        "min": 1000001,
        "rate": 0.1075
      }
    ],
    "married_separate": [
      {
        "min": 0,
        "rate": 0.013999999999999999,
        "max": 20000
      },
      {
        "min": 20001,
        "rate": 0.0175,
        "max": 35000
      },
      {
        "min": 35001,
        "rate": 0.035,
        "max": 40000
      },
      {
        "min": 40001,
        "rate": 0.05525,
        "max": 75000
      },
      {
        "min": 75001,
        "rate": 0.0637,
        "max": 500000
      },
      {
        "min": 500001,
        "rate": 0.0897,
        "max": 1000000
      },
      {
        "min": 1000001,
        "rate": 0.1075
      }
    ],
    "head_of_household": [
      {
        "min": 0,
        "rate": 0.013999999999999999,
        "max": 20000
      },
      {
        "min": 20001,
        "rate": 0.0175,
        "max": 50000
      },
      {
        "min": 50001,
        "rate": 0.0245,
        "max": 70000
      },
      {
        "min": 70001,
        "rate": 0.035,
        "max": 80000
      },
      {
        "min": 80001,
        "rate": 0.05525,
        "max": 150000
      },
      {
        "min": 150001,
        "rate": 0.0637,
        "max": 500000
      },
      {
        "min": 500001,
        "rate": 0.0897,
        "max": 1000000
      },
      {
        "min": 1000001,
        "rate": 0.1075
      }
    ]
  },
  "NM": {
    "single": [
      {
        "min": 0,
        "rate": 0.017,
        "max": 5500
      },
      {
        "min": 5501,
        "rate": 0.032,
        "max": 11000
      },
      {
        "min": 11001,
        "rate": 0.047,
        "max": 16000
      },
      {
        "min": 16001,
        "rate": 0.049,
        "max": 210000
      },
      {
        "min": 210001,
        "rate": 0.059000000000000004
      }
    ],
    "married_joint": [
      {
        "min": 0,
        "rate": 0.017,
        "max": 8000
      },
      {
        "min": 8001,
        "rate": 0.032,
        "max": 16000
      },
      {
        "min": 16001,
        "rate": 0.047,
        "max": 24000
      },
      {
        "min": 24001,
        "rate": 0.049,
        "max": 315000
      },
      {
        "min": 315001,
        "rate": 0.059000000000000004
      }
    ],
    "married_separate": [
      {
        "min": 0,
        "rate": 0.017,
        "max": 4000
      },
      {
        "min": 4001,
        "rate": 0.032,
        "max": 8000
      },
      {
        "min": 8001,
        "rate": 0.047,
        "max": 12000
      },
      {
        "min": 12001,
        "rate": 0.049,
        "max": 157000
      },
      {
        "min": 157001,
        "rate": 0.059000000000000004
      }
    ],
    "head_of_household": [
      {
        "min": 0,
        "rate": 0.017,
        "max": 8000
      },
      {
        "min": 8001,
        "rate": 0.032,
        "max": 16000
      },
      {
        "min": 16001,
        "rate": 0.047,
        "max": 24000
      },
      {
        "min": 24001,
        "rate": 0.049,
        "max": 315000
      },
      {
        "min": 315001,
        "rate": 0.059000000000000004
      }
    ]
  },
  "NY": {
    "single": [
      {
        "min": 0,
        "rate": 0.04,
        "max": 8500
      },
      {
        "min": 8501,
        "rate": 0.045,
        "max": 11700
      },
      {
        "min": 11701,
        "rate": 0.0525,
        "max": 13900
      },
      {
        "min": 13901,
        "rate": 0.055,
        "max": 80650
      },
      {
        "min": 80651,
        "rate": 0.06,
        "max": 215400
      },
      {
        "min": 215401,
        "rate": 0.06849999999999999,
        "max": 1077550
      },
      {
        "min": 1077551,
        "rate": 0.0965,
        "max": 5000000
      },
      {
        "min": 5000001,
        "rate": 0.10300000000000001,
        "max": 25000000
      },
      {
        "min": 25000001,
        "rate": 0.109
      }
    ],
    "married_joint": [
      {
        "min": 0,
        "rate": 0.04,
        "max": 17149
      },
      {
        "min": 17150,
        "rate": 0.045,
        "max": 23599
      },
      {
        "min": 23600,
        "rate": 0.0525,
        "max": 27899
      },
      {
        "min": 27900,
        "rate": 0.055,
        "max": 161549
      },
      {
        "min": 161550,
        "rate": 0.06,
        "max": 323199
      },
      {
        "min": 323200,
        "rate": 0.06849999999999999,
        "max": 2155349
      },
      {
        "min": 2155350,
        "rate": 0.0965,
        "max": 4999999
      },
      {
        "min": 5000000,
        "rate": 0.10300000000000001,
        "max": 24999999
      },
      {
        "min": 25000000,
        "rate": 0.109
      }
    ],
    "married_separate": [
      {
        "min": 0,
        "rate": 0.04,
        "max": 8500
      },
      {
        "min": 8501,
        "rate": 0.045,
        "max": 11700
      },
      {
        "min": 11701,
        "rate": 0.0525,
        "max": 13900
      },
      {
        "min": 13901,
        "rate": 0.055,
        "max": 80650
      },
      {
        "min": 80651,
        "rate": 0.06,
        "max": 215400
      },
      {
        "min": 215401,
        "rate": 0.06849999999999999,
        "max": 1077550
      },
      {
        "min": 1077551,
        "rate": 0.0965,
        "max": 5000000
      },
      {
        "min": 5000001,
        "rate": 0.10300000000000001,
        "max": 25000000
      },
      {
        "min": 25000001,
        "rate": 0.109
      }
    ],
    "head_of_household": [
      {
        "min": 0,
        "rate": 0.04,
        "max": 12800
      },
      {
        "min": 12801,
        "rate": 0.045,
        "max": 17650
      },
      {
        "min": 17651,
        "rate": 0.0525,
        "max": 20900
      },
      {
        "min": 20901,
        "rate": 0.055,
        "max": 107650
      },
      {
        "min": 107651,
        "rate": 0.06,
        "max": 269300
      },
      {
        "min": 269301,
        "rate": 0.06849999999999999,
        "max": 1616450
      },
      {
        "min": 1616451,
        "rate": 0.0965,
        "max": 5000000
      },
      {
        "min": 5000001,
        "rate": 0.10300000000000001,
        "max": 25000000
      },
      {
        "min": 25000001,
        "rate": 0.109
      }
    ]
  },
  "NC": {
    "single": [
      {
        "min": 0,
        "rate": 0.045
      }
    ],
    "married_joint": [
      {
        "min": 0,
        "rate": 0.045
      }
    ],
    "married_separate": [
      {
        "min": 0,
        "rate": 0.045
      }
    ],
    "head_of_household": [
      {
        "min": 0,
        "rate": 0.045
      }
    ]
  },
  "ND": {
    "single": [
      {
        "min": 0,
        "rate": 0,
        "max": 47150
      },
      {
        "min": 47151,
        "rate": 0.0195,
        "max": 238200
      },
      {
        "min": 238201,
        "rate": 0.025
      }
    ],
    "married_joint": [
      {
        "min": 0,
        "rate": 0,
        "max": 78775
      },
      {
        "min": 78776,
        "rate": 0.0195,
        "max": 289975
      },
      {
        "min": 289976,
        "rate": 0.025
      }
    ],
    "married_separate": [
      {
        "min": 0,
        "rate": 0,
        "max": 39375
      },
      {
        "min": 39376,
        "rate": 0.0195,
        "max": 144975
      },
      {
        "min": 144976,
        "rate": 0.025
      }
    ],
    "head_of_household": [
      {
        "min": 0,
        "rate": 0,
        "max": 63175
      },
      {
        "min": 63176,
        "rate": 0.0195,
        "max": 264100
      },
      {
        "min": 264101,
        "rate": 0.025
      }
    ]
  },
  "OH": {
    "single": [
      {
        "min": 0,
        "rate": 0,
        "max": 26050
      },
      {
        "min": 26051,
        "rate": 0.0275,
        "max": 100000
      },
      {
        "min": 100001,
        "rate": 0.035
      }
    ],
    "married_joint": [
      {
        "min": 0,
        "rate": 0,
        "max": 26050
      },
      {
        "min": 26051,
        "rate": 0.0275,
        "max": 100000
      },
      {
        "min": 100001,
        "rate": 0.035
      }
    ],
    "married_separate": [
      {
        "min": 0,
        "rate": 0,
        "max": 26050
      },
      {
        "min": 26051,
        "rate": 0.0275,
        "max": 100000
      },
      {
        "min": 100001,
        "rate": 0.035
      }
    ],
    "head_of_household": [
      {
        "min": 0,
        "rate": 0,
        "max": 26050
      },
      {
        "min": 26051,
        "rate": 0.0275,
        "max": 100000
      },
      {
        "min": 100001,
        "rate": 0.035
      }
    ]
  },
  "OK": {
    "single": [
      {
        "min": 0,
        "rate": 0,
        "max": 6350
      },
      {
        "min": 6351,
        "rate": 0.0025,
        "max": 7350
      },
      {
        "min": 7351,
        "rate": 0.0075,
        "max": 8850
      },
      {
        "min": 8851,
        "rate": 0.0175,
        "max": 10100
      },
      {
        "min": 10101,
        "rate": 0.0275,
        "max": 11250
      },
      {
        "min": 11251,
        "rate": 0.0375,
        "max": 13550
      },
      {
        "min": 13551,
        "rate": 0.0475
      }
    ],
    "married_joint": [
      {
        "min": 0,
        "rate": 0,
        "max": 12700
      },
      {
        "min": 12701,
        "rate": 0.0025,
        "max": 14700
      },
      {
        "min": 14701,
        "rate": 0.0075,
        "max": 17700
      },
      {
        "min": 17701,
        "rate": 0.0175,
        "max": 20200
      },
      {
        "min": 20201,
        "rate": 0.0275,
        "max": 22500
      },
      {
        "min": 22501,
        "rate": 0.0375,
        "max": 27100
      },
      {
        "min": 27101,
        "rate": 0.0475
      }
    ],
    "married_separate": [
      {
        "min": 0,
        "rate": 0,
        "max": 6350
      },
      {
        "min": 6351,
        "rate": 0.0025,
        "max": 7350
      },
      {
        "min": 7351,
        "rate": 0.0075,
        "max": 8850
      },
      {
        "min": 8851,
        "rate": 0.0175,
        "max": 10100
      },
      {
        "min": 10101,
        "rate": 0.0275,
        "max": 11250
      },
      {
        "min": 11251,
        "rate": 0.0375,
        "max": 13550
      },
      {
        "min": 13551,
        "rate": 0.0475
      }
    ],
    "head_of_household": [
      {
        "min": 0,
        "rate": 0,
        "max": 6350
      },
      {
        "min": 6351,
        "rate": 0.0025,
        "max": 7350
      },
      {
        "min": 7351,
        "rate": 0.0075,
        "max": 8850
      },
      {
        "min": 8851,
        "rate": 0.0175,
        "max": 10100
      },
      {
        "min": 10101,
        "rate": 0.0275,
        "max": 11250
      },
      {
        "min": 11251,
        "rate": 0.0375,
        "max": 13550
      },
      {
        "min": 13551,
        "rate": 0.0475
      }
    ]
  },
  "OR": {
    "single": [
      {
        "min": 0,
        "rate": 0.0475,
        "max": 4300
      },
      {
        "min": 4301,
        "rate": 0.0675,
        "max": 10750
      },
      {
        "min": 10751,
        "rate": 0.0875,
        "max": 125000
      },
      {
        "min": 125001,
        "rate": 0.099
      }
    ],
    "married_joint": [
      {
        "min": 0,
        "rate": 0.0475,
        "max": 8600
      },
      {
        "min": 8601,
        "rate": 0.0675,
        "max": 21500
      },
      {
        "min": 21501,
        "rate": 0.0875,
        "max": 250000
      },
      {
        "min": 250001,
        "rate": 0.099
      }
    ],
    "married_separate": [
      {
        "min": 0,
        "rate": 0.0475,
        "max": 4300
      },
      {
        "min": 4301,
        "rate": 0.0675,
        "max": 10750
      },
      {
        "min": 10751,
        "rate": 0.0875,
        "max": 125000
      },
      {
        "min": 125001,
        "rate": 0.099
      }
    ],
    "head_of_household": [
      {
        "min": 0,
        "rate": 0.0475,
        "max": 8600
      },
      {
        "min": 8601,
        "rate": 0.0675,
        "max": 21500
      },
      {
        "min": 21501,
        "rate": 0.0875,
        "max": 250000
      },
      {
        "min": 250001,
        "rate": 0.099
      }
    ]
  },
  "PA": {
    "single": [
      {
        "min": 0,
        "rate": 0.030699999999999998
      }
    ],
    "married_joint": [
      {
        "min": 0,
        "rate": 0.030699999999999998
      }
    ],
    "married_separate": [
      {
        "min": 0,
        "rate": 0.030699999999999998
      }
    ],
    "head_of_household": [
      {
        "min": 0,
        "rate": 0.030699999999999998
      }
    ]
  },
  "RI": {
    "single": [
      {
        "min": 0,
        "rate": 0.0375,
        "max": 77450
      },
      {
        "min": 77451,
        "rate": 0.0475,
        "max": 176050
      },
      {
        "min": 176051,
        "rate": 0.0599
      }
    ],
    "married_joint": [
      {
        "min": 0,
        "rate": 0.0375,
        "max": 77450
      },
      {
        "min": 77451,
        "rate": 0.0475,
        "max": 176050
      },
      {
        "min": 176051,
        "rate": 0.0599
      }
    ],
    "married_separate": [
      {
        "min": 0,
        "rate": 0.0375,
        "max": 77450
      },
      {
        "min": 77451,
        "rate": 0.0475,
        "max": 176050
      },
      {
        "min": 176051,
        "rate": 0.0599
      }
    ],
    "head_of_household": [
      {
        "min": 0,
        "rate": 0.0375,
        "max": 77450
      },
      {
        "min": 77451,
        "rate": 0.0475,
        "max": 176050
      },
      {
        "min": 176051,
        "rate": 0.0599
      }
    ]
  },
  "SC": {
    "single": [
      {
        "min": 0,
        "rate": 0,
        "max": 3460
      },
      {
        "min": 3461,
        "rate": 0.03,
        "max": 17330
      },
      {
        "min": 17331,
        "rate": 0.064
      }
    ],
    "married_joint": [
      {
        "min": 0,
        "rate": 0,
        "max": 3460
      },
      {
        "min": 3461,
        "rate": 0.03,
        "max": 17330
      },
      {
        "min": 17331,
        "rate": 0.064
      }
    ],
    "married_separate": [
      {
        "min": 0,
        "rate": 0,
        "max": 3460
      },
      {
        "min": 3461,
        "rate": 0.03,
        "max": 17330
      },
      {
        "min": 17331,
        "rate": 0.064
      }
    ],
    "head_of_household": [
      {
        "min": 0,
        "rate": 0,
        "max": 3460
      },
      {
        "min": 3461,
        "rate": 0.03,
        "max": 17330
      },
      {
        "min": 17331,
        "rate": 0.064
      }
    ]
  },
  "SD": {
    "single": [
      {
        "min": 0,
        "rate": 0
      }
    ],
    "married_joint": [
      {
        "min": 0,
        "rate": 0
      }
    ],
    "married_separate": [
      {
        "min": 0,
        "rate": 0
      }
    ],
    "head_of_household": [
      {
        "min": 0,
        "rate": 0
      }
    ]
  },
  "TN": {
    "single": [
      {
        "min": 0,
        "rate": 0
      }
    ],
    "married_joint": [
      {
        "min": 0,
        "rate": 0
      }
    ],
    "married_separate": [
      {
        "min": 0,
        "rate": 0
      }
    ],
    "head_of_household": [
      {
        "min": 0,
        "rate": 0
      }
    ]
  },
  "TX": {
    "single": [
      {
        "min": 0,
        "rate": 0
      }
    ],
    "married_joint": [
      {
        "min": 0,
        "rate": 0
      }
    ],
    "married_separate": [
      {
        "min": 0,
        "rate": 0
      }
    ],
    "head_of_household": [
      {
        "min": 0,
        "rate": 0
      }
    ]
  },
  "UT": {
    "single": [
      {
        "min": 0,
        "rate": 0.04650000000000001
      }
    ],
    "married_joint": [
      {
        "min": 0,
        "rate": 0.04650000000000001
      }
    ],
    "married_separate": [
      {
        "min": 0,
        "rate": 0.04650000000000001
      }
    ],
    "head_of_household": [
      {
        "min": 0,
        "rate": 0.04650000000000001
      }
    ]
  },
  "VT": {
    "single": [
      {
        "min": 0,
        "rate": 0.0335,
        "max": 47900
      },
      {
        "min": 47901,
        "rate": 0.066,
        "max": 116000
      },
      {
        "min": 116001,
        "rate": 0.076,
        "max": 242000
      },
      {
        "min": 242001,
        "rate": 0.0875
      }
    ],
    "married_joint": [
      {
        "min": 0,
        "rate": 0.0335,
        "max": 79950
      },
      {
        "min": 79951,
        "rate": 0.066,
        "max": 193300
      },
      {
        "min": 193301,
        "rate": 0.076,
        "max": 294600
      },
      {
        "min": 294601,
        "rate": 0.0875
      }
    ],
    "married_separate": [
      {
        "min": 0,
        "rate": 0.0335,
        "max": 39975
      },
      {
        "min": 39976,
        "rate": 0.066,
        "max": 96650
      },
      {
        "min": 96651,
        "rate": 0.076,
        "max": 147300
      },
      {
        "min": 147301,
        "rate": 0.0875
      }
    ],
    "head_of_household": [
      {
        "min": 0,
        "rate": 0.0335,
        "max": 64200
      },
      {
        "min": 64201,
        "rate": 0.066,
        "max": 165700
      },
      {
        "min": 165701,
        "rate": 0.076,
        "max": 268300
      },
      {
        "min": 268301,
        "rate": 0.0875
      }
    ]
  },
  "VA": {
    "single": [
      {
        "min": 0,
        "rate": 0.02,
        "max": 3000
      },
      {
        "min": 3001,
        "rate": 0.03,
        "max": 5000
      },
      {
        "min": 5001,
        "rate": 0.05,
        "max": 17000
      },
      {
        "min": 17001,
        "rate": 0.0575
      }
    ],
    "married_joint": [
      {
        "min": 0,
        "rate": 0.02,
        "max": 3000
      },
      {
        "min": 3001,
        "rate": 0.03,
        "max": 5000
      },
      {
        "min": 5001,
        "rate": 0.05,
        "max": 17000
      },
      {
        "min": 17001,
        "rate": 0.0575
      }
    ],
    "married_separate": [
      {
        "min": 0,
        "rate": 0.02,
        "max": 3000
      },
      {
        "min": 3001,
        "rate": 0.03,
        "max": 5000
      },
      {
        "min": 5001,
        "rate": 0.05,
        "max": 17000
      },
      {
        "min": 17001,
        "rate": 0.0575
      }
    ],
    "head_of_household": [
      {
        "min": 0,
        "rate": 0.02,
        "max": 3000
      },
      {
        "min": 3001,
        "rate": 0.03,
        "max": 5000
      },
      {
        "min": 5001,
        "rate": 0.05,
        "max": 17000
      },
      {
        "min": 17001,
        "rate": 0.0575
      }
    ]
  },
  "WA": {
    "single": [
      {
        "min": 0,
        "rate": 0
      }
    ],
    "married_joint": [
      {
        "min": 0,
        "rate": 0
      }
    ],
    "married_separate": [
      {
        "min": 0,
        "rate": 0
      }
    ],
    "head_of_household": [
      {
        "min": 0,
        "rate": 0
      }
    ]
  },
  "WV": {
    "single": [
      {
        "min": 0,
        "rate": 0.0236,
        "max": 10000
      },
      {
        "min": 10001,
        "rate": 0.0315,
        "max": 25000
      },
      {
        "min": 25001,
        "rate": 0.0354,
        "max": 40000
      },
      {
        "min": 40001,
        "rate": 0.0472,
        "max": 60000
      },
      {
        "min": 60001,
        "rate": 0.0512
      }
    ],
    "married_joint": [
      {
        "min": 0,
        "rate": 0.0236,
        "max": 10000
      },
      {
        "min": 10001,
        "rate": 0.0315,
        "max": 25000
      },
      {
        "min": 25001,
        "rate": 0.0354,
        "max": 40000
      },
      {
        "min": 40001,
        "rate": 0.0472,
        "max": 60000
      },
      {
        "min": 60001,
        "rate": 0.0512
      }
    ],
    "married_separate": [
      {
        "min": 0,
        "rate": 0.0236,
        "max": 5000
      },
      {
        "min": 5001,
        "rate": 0.0315,
        "max": 12500
      },
      {
        "min": 12501,
        "rate": 0.0354,
        "max": 20000
      },
      {
        "min": 20001,
        "rate": 0.0472,
        "max": 30000
      },
      {
        "min": 30001,
        "rate": 0.0512
      }
    ],
    "head_of_household": [
      {
        "min": 0,
        "rate": 0.0236,
        "max": 10000
      },
      {
        "min": 10001,
        "rate": 0.0315,
        "max": 25000
      },
      {
        "min": 25001,
        "rate": 0.0354,
        "max": 40000
      },
      {
        "min": 40001,
        "rate": 0.0472,
        "max": 60000
      },
      {
        "min": 60001,
        "rate": 0.0512
      }
    ]
  },
  "WI": {
    "single": [
      {
        "min": 0,
        "rate": 0.035,
        "max": 14320
      },
      {
        "min": 14321,
        "rate": 0.044000000000000004,
        "max": 28640
      },
      {
        "min": 28641,
        "rate": 0.053,
        "max": 315310
      },
      {
        "min": 315311,
        "rate": 0.0765
      }
    ],
    "married_joint": [
      {
        "min": 0,
        "rate": 0.035,
        "max": 19090
      },
      {
        "min": 19091,
        "rate": 0.044000000000000004,
        "max": 38190
      },
      {
        "min": 38191,
        "rate": 0.053,
        "max": 420420
      },
      {
        "min": 420421,
        "rate": 0.0765
      }
    ],
    "married_separate": [
      {
        "min": 0,
        "rate": 0.035,
        "max": 9550
      },
      {
        "min": 9551,
        "rate": 0.044000000000000004,
        "max": 19090
      },
      {
        "min": 19091,
        "rate": 0.053,
        "max": 210210
      },
      {
        "min": 210211,
        "rate": 0.0765
      }
    ],
    "head_of_household": [
      {
        "min": 0,
        "rate": 0.035,
        "max": 14320
      },
      {
        "min": 14321,
        "rate": 0.044000000000000004,
        "max": 28640
      },
      {
        "min": 28641,
        "rate": 0.053,
        "max": 315310
      },
      {
        "min": 315311,
        "rate": 0.0765
      }
    ]
  },
  "WY": {
    "single": [
      {
        "min": 0,
        "rate": 0
      }
    ],
    "married_joint": [
      {
        "min": 0,
        "rate": 0
      }
    ],
    "married_separate": [
      {
        "min": 0,
        "rate": 0
      }
    ],
    "head_of_household": [
      {
        "min": 0,
        "rate": 0
      }
    ]
  }
}
